t,dia,hora,demanda,precio_red,reserva_req,g_red,p_Gas_Base_1,u_Gas_Base_1,v_Gas_Base_1,p_Gas_Base_2,u_Gas_Base_2,v_Gas_Base_2,p_Diesel_Med_1,u_Diesel_Med_1,v_Diesel_Med_1,p_Diesel_Med_2,u_Diesel_Med_2,v_Diesel_Med_2,p_Peaker,u_Peaker,v_Peaker,reserva_disponible,holgura_reserva
1,1,0,159,145304,16,0.0,70.0,1,0,65.0,1,0,0.0,0,0,24.0,1,1,0.0,0,0,191.0,175.0
2,1,1,142,140288,14,0.0,100.0,1,0,42.0,1,0,0.0,0,0,0.0,0,0,0.0,0,0,158.0,144.0
3,1,2,136,145203,14,0.0,101.0,1,0,35.0,1,0,0.0,0,0,0.0,0,0,0.0,0,0,164.0,150.0
4,1,3,129,134809,13,0.0,94.0,1,0,35.0,1,0,0.0,0,0,0.0,0,0,0.0,0,0,171.0,158.0
5,1,4,130,145726,13,0.0,95.0,1,0,35.0,1,0,0.0,0,0,0.0,0,0,0.0,0,0,170.0,157.0
6,1,5,147,143365,15,0.0,112.0,1,0,35.0,1,0,0.0,0,0,0.0,0,0,0.0,0,0,153.0,138.0
7,1,6,183,155436,18,0.0,120.0,1,0,63.0,1,0,0.0,0,0,0.0,0,0,0.0,0,0,117.0,99.0
8,1,7,208,175820,21,0.0,120.0,1,0,88.0,1,0,0.0,0,0,0.0,0,0,0.0,0,0,92.0,71.0
9,1,8,248,189848,25,0.0,120.0,1,0,100.0,1,0,28.0,1,1,0.0,0,0,0.0,0,0,112.0,87.0
10,1,9,251,187726,25,0.0,120.0,1,0,100.0,1,0,31.0,1,0,0.0,0,0,0.0,0,0,109.0,84.0
11,1,10,255,178291,26,0.0,120.0,1,0,100.0,1,0,35.0,1,0,0.0,0,0,0.0,0,0,105.0,79.0
12,1,11,255,178631,26,0.0,120.0,1,0,100.0,1,0,35.0,1,0,0.0,0,0,0.0,0,0,105.0,79.0
13,1,12,255,178626,26,0.0,120.0,1,0,100.0,1,0,35.0,1,0,0.0,0,0,0.0,0,0,105.0,79.0
14,1,13,233,180215,23,0.0,120.0,1,0,98.0,1,0,15.0,1,0,0.0,0,0,0.0,0,0,127.0,104.0
15,1,14,254,168531,25,0.0,120.0,1,0,100.0,1,0,34.0,1,0,0.0,0,0,0.0,0,0,106.0,81.0
16,1,15,254,185073,25,0.0,120.0,1,0,100.0,1,0,34.0,1,0,0.0,0,0,0.0,0,0,106.0,81.0
17,1,16,259,175955,26,0.0,120.0,1,0,100.0,1,0,39.0,1,0,0.0,0,0,0.0,0,0,101.0,75.0
18,1,17,279,169580,28,0.0,120.0,1,0,100.0,1,0,59.0,1,0,0.0,0,0,0.0,0,0,81.0,53.0
19,1,18,283,198451,28,3.0,120.0,1,0,100.0,1,0,60.0,1,0,0.0,0,0,0.0,0,0,77.0,49.0
20,1,19,284,192772,28,4.0,120.0,1,0,100.0,1,0,60.0,1,0,0.0,0,0,0.0,0,0,76.0,48.0
21,1,20,240,178079,24,0.0,120.0,1,0,100.0,1,0,20.0,1,0,0.0,0,0,0.0,0,0,120.0,96.0
22,1,21,219,171335,22,0.0,120.0,1,0,99.0,1,0,0.0,0,0,0.0,0,0,0.0,0,0,81.0,59.0
23,1,22,198,163994,20,0.0,120.0,1,0,78.0,1,0,0.0,0,0,0.0,0,0,0.0,0,0,102.0,82.0
24,1,23,172,137269,17,0.0,120.0,1,0,52.0,1,0,0.0,0,0,0.0,0,0,0.0,0,0,128.0,111.0
25,2,0,159,141027,16,0.0,120.0,1,0,39.0,1,0,0.0,0,0,0.0,0,0,0.0,0,0,141.0,125.0
26,2,1,134,136794,13,0.0,99.0,1,0,35.0,1,0,0.0,0,0,0.0,0,0,0.0,0,0,166.0,153.0
27,2,2,136,134850,14,0.0,101.0,1,0,35.0,1,0,0.0,0,0,0.0,0,0,0.0,0,0,164.0,150.0
28,2,3,133,134055,13,0.0,98.0,1,0,35.0,1,0,0.0,0,0,0.0,0,0,0.0,0,0,167.0,154.0
29,2,4,128,146915,13,0.0,93.0,1,0,35.0,1,0,0.0,0,0,0.0,0,0,0.0,0,0,172.0,159.0
30,2,5,149,134578,15,0.0,114.0,1,0,35.0,1,0,0.0,0,0,0.0,0,0,0.0,0,0,151.0,136.0
31,2,6,184,155871,18,0.0,120.0,1,0,64.0,1,0,0.0,0,0,0.0,0,0,0.0,0,0,116.0,98.0
32,2,7,212,167615,21,0.0,120.0,1,0,92.0,1,0,0.0,0,0,0.0,0,0,0.0,0,0,88.0,67.0
33,2,8,252,173280,25,0.0,120.0,1,0,100.0,1,0,32.0,1,1,0.0,0,0,0.0,0,0,108.0,83.0
34,2,9,240,166887,24,0.0,120.0,1,0,100.0,1,0,20.0,1,0,0.0,0,0,0.0,0,0,120.0,96.0
35,2,10,253,177501,25,0.0,120.0,1,0,100.0,1,0,33.0,1,0,0.0,0,0,0.0,0,0,107.0,82.0
36,2,11,242,170231,24,0.0,120.0,1,0,100.0,1,0,22.0,1,0,0.0,0,0,0.0,0,0,118.0,94.0
37,2,12,244,173112,24,0.0,120.0,1,0,100.0,1,0,24.0,1,0,0.0,0,0,0.0,0,0,116.0,92.0
38,2,13,247,174932,25,0.0,120.0,1,0,100.0,1,0,27.0,1,0,0.0,0,0,0.0,0,0,113.0,88.0
39,2,14,245,168960,24,0.0,120.0,1,0,100.0,1,0,25.0,1,0,0.0,0,0,0.0,0,0,115.0,91.0
40,2,15,233,181236,23,0.0,120.0,1,0,98.0,1,0,15.0,1,0,0.0,0,0,0.0,0,0,127.0,104.0
41,2,16,269,192344,27,0.0,120.0,1,0,100.0,1,0,49.0,1,0,0.0,0,0,0.0,0,0,91.0,64.0
42,2,17,278,196906,28,0.0,120.0,1,0,100.0,1,0,58.0,1,0,0.0,0,0,0.0,0,0,82.0,54.0
43,2,18,273,194011,27,0.0,120.0,1,0,100.0,1,0,53.0,1,0,0.0,0,0,0.0,0,0,87.0,60.0
44,2,19,278,188570,28,0.0,120.0,1,0,100.0,1,0,58.0,1,0,0.0,0,0,0.0,0,0,82.0,54.0
45,2,20,247,182694,25,0.0,120.0,1,0,100.0,1,0,27.0,1,0,0.0,0,0,0.0,0,0,113.0,88.0
46,2,21,234,184666,23,0.0,120.0,1,0,99.0,1,0,15.0,1,0,0.0,0,0,0.0,0,0,126.0,103.0
47,2,22,200,170219,20,0.0,120.0,1,0,80.0,1,0,0.0,0,0,0.0,0,0,0.0,0,0,100.0,80.0
48,2,23,168,155575,17,0.0,118.0,1,0,50.0,1,0,0.0,0,0,0.0,0,0,0.0,0,0,132.0,115.0
49,3,0,164,134099,16,0.0,120.0,1,0,44.0,1,0,0.0,0,0,0.0,0,0,0.0,0,0,136.0,120.0
50,3,1,136,156149,14,0.0,101.0,1,0,35.0,1,0,0.0,0,0,0.0,0,0,0.0,0,0,164.0,150.0
51,3,2,133,147324,13,0.0,98.0,1,0,35.0,1,0,0.0,0,0,0.0,0,0,0.0,0,0,167.0,154.0
52,3,3,133,135583,13,0.0,98.0,1,0,35.0,1,0,0.0,0,0,0.0,0,0,0.0,0,0,167.0,154.0
53,3,4,128,130380,13,0.0,93.0,1,0,35.0,1,0,0.0,0,0,0.0,0,0,0.0,0,0,172.0,159.0
54,3,5,144,148758,14,0.0,106.0,1,0,38.0,1,0,0.0,0,0,0.0,0,0,0.0,0,0,156.0,142.0
55,3,6,175,150969,18,0.0,107.0,1,0,68.0,1,0,0.0,0,0,0.0,0,0,0.0,0,0,125.0,107.0
56,3,7,218,173543,22,0.0,120.0,1,0,98.0,1,0,0.0,0,0,0.0,0,0,0.0,0,0,82.0,60.0
57,3,8,237,182920,24,0.0,120.0,1,0,100.0,1,0,17.0,1,1,0.0,0,0,0.0,0,0,123.0,99.0
58,3,9,247,184969,25,0.0,120.0,1,0,100.0,1,0,27.0,1,0,0.0,0,0,0.0,0,0,113.0,88.0
59,3,10,254,196132,25,0.0,120.0,1,0,100.0,1,0,34.0,1,0,0.0,0,0,0.0,0,0,106.0,81.0
60,3,11,258,179417,26,0.0,120.0,1,0,100.0,1,0,38.0,1,0,0.0,0,0,0.0,0,0,102.0,76.0
61,3,12,239,172992,24,0.0,120.0,1,0,100.0,1,0,19.0,1,0,0.0,0,0,0.0,0,0,121.0,97.0
62,3,13,240,172422,24,0.0,120.0,1,0,100.0,1,0,20.0,1,0,0.0,0,0,0.0,0,0,120.0,96.0
63,3,14,240,176310,24,0.0,120.0,1,0,100.0,1,0,20.0,1,0,0.0,0,0,0.0,0,0,120.0,96.0
64,3,15,245,180403,24,0.0,120.0,1,0,100.0,1,0,25.0,1,0,0.0,0,0,0.0,0,0,115.0,91.0
65,3,16,269,187901,27,0.0,120.0,1,0,100.0,1,0,49.0,1,0,0.0,0,0,0.0,0,0,91.0,64.0
66,3,17,278,174985,28,0.0,120.0,1,0,100.0,1,0,58.0,1,0,0.0,0,0,0.0,0,0,82.0,54.0
67,3,18,282,197774,28,2.0,120.0,1,0,100.0,1,0,60.0,1,0,0.0,0,0,0.0,0,0,78.0,50.0
68,3,19,274,200511,27,0.0,120.0,1,0,100.0,1,0,54.0,1,0,0.0,0,0,0.0,0,0,86.0,59.0
69,3,20,265,177076,26,0.0,120.0,1,0,100.0,1,0,45.0,1,0,0.0,0,0,0.0,0,0,95.0,69.0
70,3,21,227,180764,23,0.0,120.0,1,0,92.0,1,0,15.0,1,0,0.0,0,0,0.0,0,0,133.0,110.0
71,3,22,204,163580,20,0.0,120.0,1,0,84.0,1,0,0.0,0,0,0.0,0,0,0.0,0,0,96.0,76.0
72,3,23,175,152163,18,0.0,120.0,1,0,55.0,1,0,0.0,0,0,0.0,0,0,0.0,0,0,125.0,107.0
73,4,0,158,152591,16,0.0,120.0,1,0,38.0,1,0,0.0,0,0,0.0,0,0,0.0,0,0,142.0,126.0
74,4,1,143,136609,14,0.0,108.0,1,0,35.0,1,0,0.0,0,0,0.0,0,0,0.0,0,0,157.0,143.0
75,4,2,130,138587,13,0.0,95.0,1,0,35.0,1,0,0.0,0,0,0.0,0,0,0.0,0,0,170.0,157.0
76,4,3,124,141841,12,0.0,89.0,1,0,35.0,1,0,0.0,0,0,0.0,0,0,0.0,0,0,176.0,164.0
77,4,4,132,148711,13,0.0,97.0,1,0,35.0,1,0,0.0,0,0,0.0,0,0,0.0,0,0,168.0,155.0
78,4,5,143,155963,14,0.0,107.0,1,0,36.0,1,0,0.0,0,0,0.0,0,0,0.0,0,0,157.0,143.0
79,4,6,186,160636,19,0.0,120.0,1,0,66.0,1,0,0.0,0,0,0.0,0,0,0.0,0,0,114.0,95.0
80,4,7,202,180725,20,0.0,120.0,1,0,82.0,1,0,0.0,0,0,0.0,0,0,0.0,0,0,98.0,78.0
81,4,8,243,179787,24,0.0,120.0,1,0,100.0,1,0,23.0,1,1,0.0,0,0,0.0,0,0,117.0,93.0
82,4,9,241,175474,24,0.0,120.0,1,0,100.0,1,0,21.0,1,0,0.0,0,0,0.0,0,0,119.0,95.0
83,4,10,244,193205,24,0.0,120.0,1,0,100.0,1,0,24.0,1,0,0.0,0,0,0.0,0,0,116.0,92.0
84,4,11,250,182038,25,0.0,120.0,1,0,100.0,1,0,30.0,1,0,0.0,0,0,0.0,0,0,110.0,85.0
85,4,12,249,183611,25,0.0,120.0,1,0,100.0,1,0,29.0,1,0,0.0,0,0,0.0,0,0,111.0,86.0
86,4,13,239,177330,24,0.0,120.0,1,0,100.0,1,0,19.0,1,0,0.0,0,0,0.0,0,0,121.0,97.0
87,4,14,251,183876,25,0.0,120.0,1,0,100.0,1,0,31.0,1,0,0.0,0,0,0.0,0,0,109.0,84.0
88,4,15,261,178338,26,0.0,120.0,1,0,100.0,1,0,41.0,1,0,0.0,0,0,0.0,0,0,99.0,73.0
89,4,16,256,188746,26,0.0,120.0,1,0,100.0,1,0,36.0,1,0,0.0,0,0,0.0,0,0,104.0,78.0
90,4,17,285,179463,28,5.0,120.0,1,0,100.0,1,0,60.0,1,0,0.0,0,0,0.0,0,0,75.0,47.0
91,4,18,274,197199,27,0.0,120.0,1,0,100.0,1,0,54.0,1,0,0.0,0,0,0.0,0,0,86.0,59.0
92,4,19,266,186603,27,0.0,120.0,1,0,100.0,1,0,46.0,1,0,0.0,0,0,0.0,0,0,94.0,67.0
93,4,20,244,179658,24,0.0,120.0,1,0,100.0,1,0,24.0,1,0,0.0,0,0,0.0,0,0,116.0,92.0
94,4,21,225,184622,22,0.0,120.0,1,0,90.0,1,0,15.0,1,0,0.0,0,0,0.0,0,0,135.0,113.0
95,4,22,180,164591,18,0.0,120.0,1,0,60.0,1,0,0.0,0,0,0.0,0,0,0.0,0,0,120.0,102.0
96,4,23,170,168917,17,0.0,120.0,1,0,50.0,1,0,0.0,0,0,0.0,0,0,0.0,0,0,130.0,113.0
97,5,0,166,145992,17,0.0,120.0,1,0,46.0,1,0,0.0,0,0,0.0,0,0,0.0,0,0,134.0,117.0
98,5,1,134,150490,13,0.0,99.0,1,0,35.0,1,0,0.0,0,0,0.0,0,0,0.0,0,0,166.0,153.0
99,5,2,123,158889,12,0.0,88.0,1,0,35.0,1,0,0.0,0,0,0.0,0,0,0.0,0,0,177.0,165.0
100,5,3,129,128306,13,0.0,94.0,1,0,35.0,1,0,0.0,0,0,0.0,0,0,0.0,0,0,171.0,158.0
101,5,4,130,144343,13,0.0,95.0,1,0,35.0,1,0,0.0,0,0,0.0,0,0,0.0,0,0,170.0,157.0
102,5,5,148,151623,15,0.0,112.0,1,0,36.0,1,0,0.0,0,0,0.0,0,0,0.0,0,0,152.0,137.0
103,5,6,184,167301,18,0.0,118.0,1,0,66.0,1,0,0.0,0,0,0.0,0,0,0.0,0,0,116.0,98.0
104,5,7,216,150738,22,0.0,120.0,1,0,96.0,1,0,0.0,0,0,0.0,0,0,0.0,0,0,84.0,62.0
105,5,8,247,187443,25,0.0,120.0,1,0,100.0,1,0,27.0,1,1,0.0,0,0,0.0,0,0,113.0,88.0
106,5,9,256,184352,26,0.0,120.0,1,0,100.0,1,0,36.0,1,0,0.0,0,0,0.0,0,0,104.0,78.0
107,5,10,262,184164,26,0.0,120.0,1,0,100.0,1,0,42.0,1,0,0.0,0,0,0.0,0,0,98.0,72.0
108,5,11,251,178104,25,0.0,120.0,1,0,100.0,1,0,31.0,1,0,0.0,0,0,0.0,0,0,109.0,84.0
109,5,12,242,183324,24,0.0,120.0,1,0,100.0,1,0,22.0,1,0,0.0,0,0,0.0,0,0,118.0,94.0
110,5,13,240,172603,24,0.0,120.0,1,0,100.0,1,0,20.0,1,0,0.0,0,0,0.0,0,0,120.0,96.0
111,5,14,248,179208,25,0.0,120.0,1,0,100.0,1,0,28.0,1,0,0.0,0,0,0.0,0,0,112.0,87.0
112,5,15,242,186996,24,0.0,120.0,1,0,100.0,1,0,22.0,1,0,0.0,0,0,0.0,0,0,118.0,94.0
113,5,16,262,183277,26,0.0,120.0,1,0,100.0,1,0,42.0,1,0,0.0,0,0,0.0,0,0,98.0,72.0
114,5,17,278,185975,28,0.0,120.0,1,0,100.0,1,0,58.0,1,0,0.0,0,0,0.0,0,0,82.0,54.0
115,5,18,276,196558,28,0.0,120.0,1,0,100.0,1,0,56.0,1,0,0.0,0,0,0.0,0,0,84.0,56.0
116,5,19,302,188148,30,0.0,120.0,1,0,100.0,1,0,60.0,1,0,22.0,1,1,0.0,0,0,108.0,78.0
117,5,20,258,202420,26,0.0,120.0,1,0,100.0,1,0,38.0,1,0,0.0,0,0,0.0,0,0,102.0,76.0
118,5,21,239,152327,24,0.0,120.0,1,0,100.0,1,0,19.0,1,0,0.0,0,0,0.0,0,0,121.0,97.0
119,5,22,190,150492,19,0.0,120.0,1,0,70.0,1,0,0.0,0,0,0.0,0,0,0.0,0,0,110.0,91.0
120,5,23,173,152721,17,0.0,120.0,1,0,53.0,1,0,0.0,0,0,0.0,0,0,0.0,0,0,127.0,110.0
121,6,0,126,145869,13,-0.0,91.0,1,0,35.0,1,0,0.0,0,0,0.0,0,0,0.0,0,0,174.0,161.0
122,6,1,116,144150,12,-0.0,116.0,1,0,0.0,0,0,0.0,0,0,0.0,0,0,0.0,0,0,84.0,72.0
123,6,2,101,147735,10,-0.0,101.0,1,0,0.0,0,0,0.0,0,0,0.0,0,0,0.0,0,0,99.0,89.0
124,6,3,104,135653,10,-0.0,104.0,1,0,0.0,0,0,0.0,0,0,0.0,0,0,0.0,0,0,96.0,86.0
125,6,4,106,140853,11,-0.0,106.0,1,0,0.0,0,0,0.0,0,0,0.0,0,0,0.0,0,0,94.0,83.0
126,6,5,114,144071,11,-0.0,114.0,1,0,0.0,0,0,0.0,0,0,0.0,0,0,0.0,0,0,86.0,75.0
127,6,6,139,150255,14,0.0,104.0,1,0,35.0,1,1,0.0,0,0,0.0,0,0,0.0,0,0,161.0,147.0
128,6,7,168,171984,17,0.0,115.0,1,0,53.0,1,0,0.0,0,0,0.0,0,0,0.0,0,0,132.0,115.0
129,6,8,203,170474,20,0.0,120.0,1,0,83.0,1,0,0.0,0,0,0.0,0,0,0.0,0,0,97.0,77.0
130,6,9,196,193430,20,0.0,120.0,1,0,76.0,1,0,0.0,0,0,0.0,0,0,0.0,0,0,104.0,84.0
131,6,10,208,194419,21,0.0,120.0,1,0,88.0,1,0,0.0,0,0,0.0,0,0,0.0,0,0,92.0,71.0
132,6,11,197,179403,20,0.0,120.0,1,0,77.0,1,0,0.0,0,0,0.0,0,0,0.0,0,0,103.0,83.0
133,6,12,189,189073,19,0.0,120.0,1,0,69.0,1,0,0.0,0,0,0.0,0,0,0.0,0,0,111.0,92.0
134,6,13,195,162643,20,0.0,120.0,1,0,75.0,1,0,0.0,0,0,0.0,0,0,0.0,0,0,105.0,85.0
135,6,14,195,186642,20,0.0,120.0,1,0,75.0,1,0,0.0,0,0,0.0,0,0,0.0,0,0,105.0,85.0
136,6,15,204,182633,20,0.0,120.0,1,0,84.0,1,0,0.0,0,0,0.0,0,0,0.0,0,0,96.0,76.0
137,6,16,210,170103,21,0.0,120.0,1,0,90.0,1,0,0.0,0,0,0.0,0,0,0.0,0,0,90.0,69.0
138,6,17,216,183368,22,0.0,120.0,1,0,96.0,1,0,0.0,0,0,0.0,0,0,0.0,0,0,84.0,62.0
139,6,18,225,199084,22,0.0,120.0,1,0,97.0,1,0,0.0,0,0,0.0,0,0,8.0,1,1,115.0,93.0
140,6,19,230,186276,23,0.0,120.0,1,0,100.0,1,0,0.0,0,0,0.0,0,0,10.0,1,0,110.0,87.0
141,6,20,199,183535,20,0.0,120.0,1,0,79.0,1,0,0.0,0,0,0.0,0,0,0.0,0,0,101.0,81.0
142,6,21,177,179375,18,0.0,120.0,1,0,57.0,1,0,0.0,0,0,0.0,0,0,0.0,0,0,123.0,105.0
143,6,22,150,164131,15,0.0,115.0,1,0,35.0,1,0,0.0,0,0,0.0,0,0,0.0,0,0,150.0,135.0
144,6,23,136,154193,14,0.0,101.0,1,0,35.0,1,0,0.0,0,0,0.0,0,0,0.0,0,0,164.0,150.0
145,7,0,130,148662,13,-0.0,95.0,1,0,35.0,1,0,0.0,0,0,0.0,0,0,0.0,0,0,170.0,157.0
146,7,1,118,148363,12,-0.0,118.0,1,0,0.0,0,0,0.0,0,0,0.0,0,0,0.0,0,0,82.0,70.0
147,7,2,107,148535,11,-0.0,107.0,1,0,0.0,0,0,0.0,0,0,0.0,0,0,0.0,0,0,93.0,82.0
148,7,3,97,131413,10,-0.0,97.0,1,0,0.0,0,0,0.0,0,0,0.0,0,0,0.0,0,0,103.0,93.0
149,7,4,104,152998,10,-0.0,104.0,1,0,0.0,0,0,0.0,0,0,0.0,0,0,0.0,0,0,96.0,86.0
150,7,5,119,143023,12,-0.0,119.0,1,0,0.0,0,0,0.0,0,0,0.0,0,0,0.0,0,0,81.0,69.0
151,7,6,143,154604,14,-0.0,108.0,1,0,35.0,1,1,0.0,0,0,0.0,0,0,0.0,0,0,157.0,143.0
152,7,7,168,173827,17,0.0,119.0,1,0,49.0,1,0,0.0,0,0,0.0,0,0,0.0,0,0,132.0,115.0
153,7,8,199,172816,20,0.0,120.0,1,0,79.0,1,0,0.0,0,0,0.0,0,0,0.0,0,0,101.0,81.0
154,7,9,212,180126,21,0.0,120.0,1,0,92.0,1,0,0.0,0,0,0.0,0,0,0.0,0,0,88.0,67.0
155,7,10,202,176743,20,0.0,120.0,1,0,82.0,1,0,0.0,0,0,0.0,0,0,0.0,0,0,98.0,78.0
156,7,11,201,177236,20,0.0,120.0,1,0,81.0,1,0,0.0,0,0,0.0,0,0,0.0,0,0,99.0,79.0
157,7,12,199,169916,20,0.0,120.0,1,0,79.0,1,0,0.0,0,0,0.0,0,0,0.0,0,0,101.0,81.0
158,7,13,187,171359,19,0.0,120.0,1,0,67.0,1,0,0.0,0,0,0.0,0,0,0.0,0,0,113.0,94.0
159,7,14,200,184605,20,0.0,120.0,1,0,80.0,1,0,0.0,0,0,0.0,0,0,0.0,0,0,100.0,80.0
160,7,15,198,177740,20,0.0,120.0,1,0,78.0,1,0,0.0,0,0,0.0,0,0,0.0,0,0,102.0,82.0
161,7,16,210,173754,21,0.0,120.0,1,0,90.0,1,0,0.0,0,0,0.0,0,0,0.0,0,0,90.0,69.0
162,7,17,218,190415,22,0.0,120.0,1,0,98.0,1,0,0.0,0,0,0.0,0,0,0.0,0,0,82.0,60.0
163,7,18,222,191669,22,2.0,120.0,1,0,100.0,1,0,0.0,0,0,0.0,0,0,0.0,0,0,78.0,56.0
164,7,19,222,187726,22,2.0,120.0,1,0,100.0,1,0,0.0,0,0,0.0,0,0,0.0,0,0,78.0,56.0
165,7,20,206,179194,21,0.0,120.0,1,0,86.0,1,0,0.0,0,0,0.0,0,0,0.0,0,0,94.0,73.0
166,7,21,183,175873,18,0.0,120.0,1,0,63.0,1,0,0.0,0,0,0.0,0,0,0.0,0,0,117.0,99.0
167,7,22,159,159969,16,0.0,120.0,1,0,39.0,1,0,0.0,0,0,0.0,0,0,0.0,0,0,141.0,125.0
168,7,23,132,161268,13,0.0,97.0,1,0,35.0,1,0,0.0,0,0,0.0,0,0,0.0,0,0,168.0,155.0
