t,dia,hora,demanda,precio_red,g_red,p_ch,p_dis,soc,p_Gas_Base_1,u_Gas_Base_1,v_Gas_Base_1,p_Gas_Base_2,u_Gas_Base_2,v_Gas_Base_2,p_Diesel_Med_1,u_Diesel_Med_1,v_Diesel_Med_1,p_Diesel_Med_2,u_Diesel_Med_2,v_Diesel_Med_2,p_Peaker,u_Peaker,v_Peaker,reserva_req,reserva_disponible
1,1,0,159,145304,0.0,0.0,24.0,74.73684210526315,70.0,1,0,65.0,1,0,0.0,0,0,0.0,0,0,0.0,0,0,16,165.0
2,1,1,142,140288,0.0,18.85595567867039,0.0,92.65000000000002,100.0,1,0,60.85595567867039,1,0,0.0,0,0,0.0,0,0,0.0,0,0,14,139.1440443213296
3,1,2,136,145203,0.0,19.0,0.0,110.70000000000002,120.0,1,0,35.0,1,0,0.0,0,0,0.0,0,0,0.0,0,0,14,145.0
4,1,3,129,134809,0.0,56.0,0.0,163.9,120.0,1,0,65.0,1,0,0.0,0,0,0.0,0,0,0.0,0,0,13,115.0
5,1,4,130,145726,0.0,25.0,0.0,187.65,120.0,1,0,35.0,1,0,0.0,0,0,0.0,0,0,0.0,0,0,13,145.0
6,1,5,147,143365,0.0,8.0,0.0,195.25,120.0,1,0,35.0,1,0,0.0,0,0,0.0,0,0,0.0,0,0,15,145.0
7,1,6,183,155436,0.0,0.0,0.0,195.25,120.0,1,0,63.0,1,0,0.0,0,0,0.0,0,0,0.0,0,0,18,117.0
8,1,7,208,175820,0.0,5.0,0.0,200.0,120.0,1,0,93.0,1,0,0.0,0,0,0.0,0,0,0.0,0,0,21,87.0
9,1,8,248,189848,0.0,0.0,28.0,170.5263157894737,120.0,1,0,100.0,1,0,0.0,0,0,0.0,0,0,0.0,0,0,25,80.0
10,1,9,251,187726,0.0,0.0,31.0,137.8947368421053,120.0,1,0,100.0,1,0,0.0,0,0,0.0,0,0,0.0,0,0,25,80.0
11,1,10,255,178291,0.0,0.0,35.0,101.0526315789474,120.0,1,0,100.0,1,0,0.0,0,0,0.0,0,0,0.0,0,0,26,80.0
12,1,11,255,178631,0.0,0.0,35.0,64.21052631578951,120.0,1,0,100.0,1,0,0.0,0,0,0.0,0,0,0.0,0,0,26,80.0
13,1,12,255,178626,0.0,0.0,35.0,27.368421052631618,120.0,1,0,100.0,1,0,0.0,0,0,0.0,0,0,0.0,0,0,26,80.0
14,1,13,233,180215,0.0,0.0,13.0,13.684210526315828,120.0,1,0,100.0,1,0,-0.0,0,0,0.0,0,0,0.0,0,0,23,80.0
15,1,14,254,168531,0.0,0.0,6.245670647331281e-12,13.68421052630925,120.0,1,0,100.0,1,0,33.999999999993754,1,1,0.0,0,0,0.0,0,0,25,106.00000000000625
16,1,15,254,185073,0.0,0.0,6.245670647331281e-12,13.684210526302671,120.0,1,0,100.0,1,0,33.999999999993754,1,0,0.0,0,0,0.0,0,0,25,106.00000000000625
17,1,16,259,175955,0.0,0.0,7.16227077646181e-12,13.684210526295132,120.0,1,0,100.0,1,0,38.99999999999284,1,0,0.0,0,0,0.0,0,0,26,101.00000000000716
18,1,17,279,169580,0.0,0.0,1.083217050193865e-11,13.68421052628373,120.0,1,0,100.0,1,0,58.99999999998917,1,0,-3.4992089547233675e-15,0,0,0.0,0,0,28,81.0000000000108
19,1,18,283,198451,-0.0,0.0,8.999999999970818,4.210526315788144,120.0,1,0,100.0,1,0,54.00000000002918,1,0,0.0,0,0,0.0,0,0,28,85.99999999997084
20,1,19,284,192772,0.0,0.0,3.9999999999987352,0.0,120.0,1,0,100.0,1,0,60.000000000001265,1,0,0.0,0,0,0.0,0,0,28,79.99999999999875
21,1,20,240,178079,0.0,1.2942980456769621e-11,1.1681039862234582e-11,0.0,120.0,1,0,100.0,1,0,20.00000000000126,1,0,0.0,0,0,7.272385608609113e-16,0,0,24,119.99999999999875
22,1,21,219,171335,0.0,-0.0,0.0,0.0,120.0,1,0,99.0,1,0,0.0,0,0,0.0,0,0,0.0,0,0,22,81.0
23,1,22,198,163994,0.0,-0.0,0.0,-0.0,120.0,1,0,78.0,1,0,0.0,0,0,0.0,0,0,0.0,0,0,20,102.0
24,1,23,172,137269,0.0,0.0,0.0,0.0,120.0,1,0,52.0,1,0,0.0,0,0,0.0,0,0,0.0,0,0,17,128.0
25,2,0,159,141027,0.0,31.76315789473685,-0.0,30.174999999999997,120.0,1,0,70.76315789473685,1,0,0.0,0,0,0.0,0,0,0.0,0,0,16,109.23684210526315
26,2,1,134,136794,0.0,26.76315789473685,0.0,55.60000000000001,120.0,1,0,40.76315789473685,1,0,0.0,0,0,0.0,0,0,0.0,0,0,13,139.23684210526315
27,2,2,136,134850,0.0,19.0,0.0,73.65,120.0,1,0,35.0,1,0,0.0,0,0,0.0,0,0,0.0,0,0,14,145.0
28,2,3,133,134055,0.0,22.0,0.0,94.55000000000001,120.0,1,0,35.0,1,0,0.0,0,0,0.0,0,0,0.0,0,0,13,145.0
29,2,4,128,146915,0.0,51.0,0.0,143.0,120.0,1,0,59.0,1,0,0.0,0,0,0.0,0,0,0.0,0,0,13,121.0
30,2,5,149,134578,0.0,60.0,-0.0,200.0,120.0,1,0,89.0,1,0,0.0,0,0,0.0,0,0,0.0,0,0,15,91.0
31,2,6,184,155871,0.0,0.0,0.0,200.0,120.0,1,0,64.0,1,0,0.0,0,0,0.0,0,0,0.0,0,0,18,116.0
32,2,7,212,167615,0.0,-0.0,0.0,200.0,120.0,1,0,92.0,1,0,0.0,0,0,0.0,0,0,0.0,0,0,21,88.0
33,2,8,252,173280,0.0,0.0,32.0,166.31578947368422,120.0,1,0,100.0,1,0,0.0,0,0,0.0,0,0,0.0,0,0,25,80.0
34,2,9,240,166887,0.0,0.0,20.0,145.26315789473685,120.0,1,0,100.0,1,0,0.0,0,0,0.0,0,0,0.0,0,0,24,80.0
35,2,10,253,177501,0.0,0.0,33.0,110.5263157894737,120.0,1,0,100.0,1,0,0.0,0,0,0.0,0,0,0.0,0,0,25,80.0
36,2,11,242,170231,0.0,0.0,22.0,87.36842105263159,120.0,1,0,100.0,1,0,0.0,0,0,0.0,0,0,0.0,0,0,24,80.0
37,2,12,244,173112,0.0,0.0,24.0,62.10526315789475,120.0,1,0,100.0,1,0,0.0,0,0,0.0,0,0,0.0,0,0,24,80.0
38,2,13,247,174932,0.0,0.0,27.0,33.6842105263158,120.0,1,0,100.0,1,0,0.0,0,0,0.0,0,0,0.0,0,0,25,80.0
39,2,14,245,168960,0.0,0.0,25.0,7.368421052631593,120.0,1,0,100.0,1,0,0.0,0,0,0.0,0,0,0.0,0,0,24,80.0
40,2,15,233,181236,0.0,5.756232686980154,-1.4057626167730767e-13,12.836842105262889,120.0,1,0,100.0,1,0,18.756232686980294,1,1,0.0,0,0,1.1322497843880098e-15,0,0,23,121.2437673130197
41,2,16,269,192344,0.0,0.0,-2.5566215811068107e-13,12.836842105263157,120.0,1,0,100.0,1,0,49.000000000000256,1,0,0.0,0,0,-1.332267629549986e-16,0,0,27,90.99999999999977
42,2,17,278,196906,0.0,2.0,0.0,14.736842105263158,120.0,1,0,100.0,1,0,60.0,1,0,0.0,0,0,0.0,0,0,28,80.0
43,2,18,273,194011,0.0,0.0,0.0,14.736842105263158,120.0,1,0,100.0,1,0,53.0,1,0,0.0,0,0,0.0,0,0,27,87.0
44,2,19,278,188570,0.0,0.0,0.0,14.736842105263158,120.0,1,0,100.0,1,0,58.0,1,0,0.0,0,0,0.0,0,0,28,82.0
45,2,20,247,182694,0.0,0.0,-0.0,14.736842105263158,120.0,1,0,100.0,1,0,27.0,1,0,0.0,0,0,0.0,0,0,25,113.0
46,2,21,234,184666,0.0,0.0,14.0,0.0,120.0,1,0,100.0,1,0,0.0,0,0,0.0,0,0,0.0,0,0,23,80.0
47,2,22,200,170219,0.0,0.0,0.0,-0.0,120.0,1,0,80.0,1,0,0.0,0,0,0.0,0,0,0.0,0,0,20,100.0
48,2,23,168,155575,0.0,2.0,0.0,1.9,120.0,1,0,50.0,1,0,0.0,0,0,0.0,0,0,0.0,0,0,17,130.0
49,3,0,164,134099,0.0,0.0,0.0,1.9,120.0,1,0,44.0,1,0,0.0,0,0,0.0,0,0,0.0,0,0,16,136.0
50,3,1,136,156149,0.0,19.0,0.0,19.95,120.0,1,0,35.0,1,0,0.0,0,0,0.0,0,0,0.0,0,0,14,145.0
51,3,2,133,147324,0.0,52.0,0.0,69.35,120.0,1,0,65.0,1,0,0.0,0,0,0.0,0,0,0.0,0,0,13,115.0
52,3,3,133,135583,0.0,60.0,0.0,126.35,120.0,1,0,73.0,1,0,0.0,0,0,0.0,0,0,0.0,0,0,13,107.0
53,3,4,128,130380,0.0,50.526315789473685,0.0,174.35,120.0,1,0,58.526315789473685,1,0,0.0,0,0,0.0,0,0,0.0,0,0,13,121.4736842105263
54,3,5,144,148758,0.0,14.0,0.0,187.65,120.0,1,0,38.0,1,0,0.0,0,0,0.0,0,0,0.0,0,0,14,142.0
55,3,6,175,150969,0.0,13.0,0.0,200.0,120.0,1,0,68.0,1,0,0.0,0,0,0.0,0,0,0.0,0,0,18,112.0
56,3,7,218,173543,0.0,0.0,0.0,200.0,120.0,1,0,98.0,1,0,0.0,0,0,0.0,0,0,0.0,0,0,22,82.0
57,3,8,237,182920,0.0,0.0,17.0,182.10526315789474,120.0,1,0,100.0,1,0,0.0,0,0,0.0,0,0,0.0,0,0,24,80.0
58,3,9,247,184969,0.0,0.0,27.0,153.68421052631578,120.0,1,0,100.0,1,0,0.0,0,0,0.0,0,0,0.0,0,0,25,80.0
59,3,10,254,196132,0.0,0.0,34.0,117.89473684210526,120.0,1,0,100.0,1,0,0.0,0,0,0.0,0,0,0.0,0,0,25,80.0
60,3,11,258,179417,0.0,0.0,38.0,77.89473684210526,120.0,1,0,100.0,1,0,0.0,0,0,0.0,0,0,0.0,0,0,26,80.0
61,3,12,239,172992,0.0,0.0,19.0,57.89473684210526,120.0,1,0,100.0,1,0,0.0,0,0,0.0,0,0,0.0,0,0,24,80.0
62,3,13,240,172422,0.0,0.0,20.0,36.84210526315789,120.0,1,0,100.0,1,0,0.0,0,0,0.0,0,0,0.0,0,0,24,80.0
63,3,14,240,176310,0.0,0.0,20.0,15.789473684210524,120.0,1,0,100.0,1,0,0.0,0,0,0.0,0,0,0.0,0,0,24,80.0
64,3,15,245,180403,0.0,0.0,-0.0,15.789473684210524,120.0,1,0,100.0,1,0,25.0,1,1,0.0,0,0,0.0,0,0,24,115.0
65,3,16,269,187901,0.0,0.0,-3.623767952376511e-13,15.789473684210908,120.0,1,0,100.0,1,0,49.00000000000036,1,0,0.0,0,0,0.0,0,0,27,90.99999999999966
66,3,17,278,174985,0.0,0.0,-0.0,15.789473684210922,120.0,1,0,100.0,1,0,58.000000000000014,1,0,0.0,0,0,-1.4210854715202004e-14,0,0,28,82.0
67,3,18,282,197774,-0.0,0.0,2.0,13.684210526316207,120.0,1,0,100.0,1,0,60.0,1,0,0.0,0,0,0.0,0,0,28,80.0
68,3,19,274,200511,0.0,0.0,-3.907985046680551e-13,13.684210526316619,120.0,1,0,100.0,1,0,54.00000000000039,1,0,0.0,0,0,0.0,0,0,27,85.9999999999996
69,3,20,265,177076,0.0,0.0,6.000000000000796,7.368421052631579,120.0,1,0,100.0,1,0,38.999999999999204,1,0,0.0,0,0,0.0,0,0,26,101.0000000000008
70,3,21,227,180764,0.0,-0.0,7.0,0.0,120.0,1,0,100.0,1,0,0.0,0,0,0.0,0,0,0.0,0,0,23,80.0
71,3,22,204,163580,0.0,-0.0,0.0,0.0,120.0,1,0,84.0,1,0,0.0,0,0,0.0,0,0,0.0,0,0,20,96.0
72,3,23,175,152163,0.0,13.0,0.0,12.35,120.0,1,0,68.0,1,0,0.0,0,0,0.0,0,0,0.0,0,0,18,112.0
73,4,0,158,152591,0.0,0.0,0.0,12.35,120.0,1,0,38.0,1,0,0.0,0,0,0.0,0,0,0.0,0,0,16,142.0
74,4,1,143,136609,0.0,45.0,0.0,55.1,120.0,1,0,68.0,1,0,0.0,0,0,0.0,0,0,0.0,0,0,14,112.0
75,4,2,130,138587,0.0,28.0,0.0,81.7,120.0,1,0,38.0,1,0,0.0,0,0,0.0,0,0,0.0,0,0,13,142.0
76,4,3,124,141841,0.0,31.0,0.0,111.15,120.0,1,0,35.0,1,0,0.0,0,0,0.0,0,0,0.0,0,0,12,145.0
77,4,4,132,148711,0.0,23.0,0.0,133.0,120.0,1,0,35.0,1,0,0.0,0,0,0.0,0,0,0.0,0,0,13,145.0
78,4,5,143,155963,0.0,32.763157894736835,0.0,164.125,120.0,1,0,55.763157894736835,1,0,0.0,0,0,0.0,0,0,0.0,0,0,14,124.23684210526318
79,4,6,186,160636,0.0,19.763157894736835,0.0,182.9,120.0,1,0,85.76315789473684,1,0,0.0,0,0,0.0,0,0,0.0,0,0,19,94.23684210526318
80,4,7,202,180725,0.0,18.0,0.0,200.0,120.0,1,0,100.0,1,0,0.0,0,0,0.0,0,0,0.0,0,0,20,80.0
81,4,8,243,179787,0.0,0.0,23.0,175.78947368421052,120.0,1,0,100.0,1,0,0.0,0,0,0.0,0,0,0.0,0,0,24,80.0
82,4,9,241,175474,0.0,0.0,21.0,153.68421052631578,120.0,1,0,100.0,1,0,0.0,0,0,0.0,0,0,0.0,0,0,24,80.0
83,4,10,244,193205,0.0,0.0,24.0,128.42105263157893,120.0,1,0,100.0,1,0,0.0,0,0,0.0,0,0,0.0,0,0,24,80.0
84,4,11,250,182038,0.0,0.0,30.0,96.84210526315788,120.0,1,0,100.0,1,0,0.0,0,0,0.0,0,0,0.0,0,0,25,80.0
85,4,12,249,183611,0.0,0.0,29.0,66.31578947368419,120.0,1,0,100.0,1,0,0.0,0,0,0.0,0,0,0.0,0,0,25,80.0
86,4,13,239,177330,0.0,0.0,19.0,46.31578947368419,120.0,1,0,100.0,1,0,0.0,0,0,0.0,0,0,0.0,0,0,24,80.0
87,4,14,251,183876,0.0,0.0,2.8066438062523957e-12,46.315789473681235,120.0,1,0,100.0,1,0,30.999999999997193,1,1,0.0,0,0,0.0,0,0,25,109.00000000000281
88,4,15,261,178338,0.0,0.0,1.1198153515579179e-11,46.31578947366945,120.0,1,0,100.0,1,0,40.9999999999888,1,0,0.0,0,0,0.0,0,0,26,99.0000000000112
89,4,16,256,188746,0.0,0.0,0.0,46.31578947366945,120.0,1,0,100.0,1,0,36.0,1,0,0.0,0,0,0.0,0,0,26,104.0
90,4,17,285,179463,2.697105538186967e-13,0.0,8.999999999973191,36.84210526317135,120.0,1,0,100.0,1,0,56.00000000002654,1,0,0.0,0,0,2.956857701413716e-16,0,0,28,83.99999999997318
91,4,18,274,197199,0.0,0.0,-0.0,36.84210526317135,120.0,1,0,100.0,1,0,54.0,1,0,0.0,0,0,0.0,0,0,27,86.0
92,4,19,266,186603,0.0,0.0,6.000000000009878,30.52631578947587,120.0,1,0,100.0,1,0,39.99999999999012,1,0,0.0,0,0,-1.7763568394002505e-15,0,0,27,100.00000000000989
93,4,20,244,179658,0.0,0.0,24.00000000000208,5.263157894736842,120.0,1,0,100.0,1,0,-2.078337502098293e-12,0,0,0.0,0,0,0.0,0,0,24,80.00000000000207
94,4,21,225,184622,0.0,0.0,5.0,0.0,120.0,1,0,100.0,1,0,0.0,0,0,0.0,0,0,0.0,0,0,22,80.0
95,4,22,180,164591,0.0,10.0,0.0,9.5,120.0,1,0,70.0,1,0,0.0,0,0,0.0,0,0,0.0,0,0,18,110.0
96,4,23,170,168917,0.0,26.0,0.0,34.2,120.0,1,0,76.0,1,0,0.0,0,0,0.0,0,0,0.0,0,0,17,104.0
97,5,0,166,145992,0.0,0.0,-0.0,34.2,120.0,1,0,46.0,1,0,0.0,0,0,0.0,0,0,0.0,0,0,17,134.0
98,5,1,134,150490,0.0,21.0,0.0,54.150000000000006,120.0,1,0,35.0,1,0,0.0,0,0,0.0,0,0,0.0,0,0,13,145.0
99,5,2,123,158889,0.0,32.0,0.0,84.55000000000001,120.0,1,0,35.0,1,0,0.0,0,0,0.0,0,0,0.0,0,0,12,145.0
100,5,3,129,128306,0.0,56.0,0.0,137.75,120.0,1,0,65.0,1,0,0.0,0,0,0.0,0,0,0.0,0,0,13,115.0
101,5,4,130,144343,0.0,25.0,0.0,161.5,120.0,1,0,35.0,1,0,0.0,0,0,0.0,0,0,0.0,0,0,13,145.0
102,5,5,148,151623,0.0,37.0,0.0,196.65,120.0,1,0,65.0,1,0,0.0,0,0,0.0,0,0,0.0,0,0,15,115.0
103,5,6,184,167301,0.0,2.763157894736821,0.0,199.275,120.0,1,0,66.76315789473682,1,0,0.0,0,0,0.0,0,0,0.0,0,0,18,113.23684210526318
104,5,7,216,150738,0.0,0.7631578947368212,0.0,200.0,120.0,1,0,96.76315789473682,1,0,0.0,0,0,0.0,0,0,0.0,0,0,22,83.23684210526318
105,5,8,247,187443,0.0,-0.0,27.0,171.57894736842104,120.0,1,0,100.0,1,0,-0.0,0,0,0.0,0,0,0.0,0,0,25,80.0
106,5,9,256,184352,0.0,-0.0,36.0,133.68421052631578,120.0,1,0,100.0,1,0,0.0,0,0,0.0,0,0,0.0,0,0,26,80.0
107,5,10,262,184164,0.0,0.0,42.0,89.4736842105263,120.0,1,0,100.0,1,0,-0.0,0,0,0.0,0,0,0.0,0,0,26,80.0
108,5,11,251,178104,0.0,0.0,31.0,56.84210526315788,120.0,1,0,100.0,1,0,-0.0,0,0,0.0,0,0,0.0,0,0,25,80.0
109,5,12,242,183324,0.0,0.0,22.000000000094794,33.68421052621599,120.0,1,0,100.0,1,0,-9.479235176122248e-11,0,0,0.0,0,0,-1.1546165324849754e-15,0,0,24,80.00000000009479
110,5,13,240,172603,0.0,9.97229916893071,-1.1397105481592007e-11,43.157894736712166,120.0,1,0,100.0,1,0,29.972299168942108,1,1,0.0,0,0,0.0,0,0,24,110.0277008310579
111,5,14,248,179208,0.0,0.0,-1.595878984517185e-11,43.15789473672896,120.0,1,0,100.0,1,0,28.00000000001596,1,0,0.0,0,0,0.0,0,0,25,111.99999999998403
112,5,15,242,186996,0.0,0.0,-9.725553695716371e-11,43.15789473683134,120.0,1,0,100.0,1,0,22.000000000097256,1,0,0.0,0,0,0.0,0,0,24,117.99999999990274
113,5,16,262,183277,0.0,0.0,-0.0,43.15789473683134,120.0,1,0,100.0,1,0,41.99999999999999,1,0,0.0,0,0,7.105427357601002e-15,0,0,26,98.0
114,5,17,278,185975,0.0,0.0,-0.0,43.15789473683134,120.0,1,0,100.0,1,0,58.0,1,0,0.0,0,0,0.0,0,0,28,82.0
115,5,18,276,196558,0.0,0.0,-2.660272002685815e-11,43.15789473685936,120.0,1,0,100.0,1,0,56.0000000000266,1,0,0.0,0,0,0.0,0,0,28,83.9999999999734
116,5,19,302,188148,0.0,0.0,22.0,20.00000000001726,120.0,1,0,100.0,1,0,60.0,1,0,0.0,0,0,0.0,0,0,30,80.0
117,5,20,258,202420,0.0,0.0,0.0,20.000000000157122,120.0,1,0,100.0,1,0,38.00000000013287,1,0,0.0,0,0,-1.3287149158713873e-10,0,0,26,102.0
118,5,21,239,152327,0.0,0.0,19.000000000140528,0.0,120.0,1,0,100.0,1,0,-1.405279014502512e-10,0,0,0.0,0,0,3.118852973968589e-16,0,0,24,80.00000000014052
119,5,22,190,150492,0.0,-0.0,0.0,0.0,120.0,1,0,70.0,1,0,0.0,0,0,0.0,0,0,0.0,0,0,19,110.0
120,5,23,173,152721,0.0,-0.0,-0.0,-0.0,120.0,1,0,53.0,1,0,0.0,0,0,0.0,0,0,0.0,0,0,17,127.0
121,6,0,126,145869,0.0,19.999999999999986,-0.0,19.000000000000064,111.0,1,0,34.99999999999998,1,0,0.0,0,0,0.0,0,0,7.105427357601002e-15,0,0,13,154.00000000000003
122,6,1,116,144150,0.0,0.0,0.0,19.000000000000064,81.00000000000003,1,0,34.99999999999998,1,0,0.0,0,0,0.0,0,0,-7.105427357601002e-15,0,0,12,184.0
123,6,2,101,147735,0.0,33.526315789473685,0.0,50.850000000000065,99.52631578947371,1,0,34.99999999999998,1,0,0.0,0,0,0.0,0,0,-7.105427357601002e-15,0,0,10,165.4736842105263
124,6,3,104,135653,0.0,50.99999999999998,0.0,99.30000000000004,120.0,1,0,34.99999999999998,1,0,0.0,0,0,0.0,0,0,0.0,0,0,10,145.00000000000003
125,6,4,106,140853,0.0,48.99999999999998,0.0,145.85000000000002,120.0,1,0,34.99999999999998,1,0,0.0,0,0,0.0,0,0,0.0,0,0,11,145.00000000000003
126,6,5,114,144071,0.0,40.99999999999998,0.0,184.8,120.0,1,0,34.99999999999998,1,0,0.0,0,0,0.0,0,0,0.0,0,0,11,145.00000000000003
127,6,6,139,150255,0.0,15.99999999999999,-0.0,200.0,120.0,1,0,34.99999999999998,1,0,0.0,0,0,0.0,0,0,1.0658141036401503e-14,0,0,14,145.00000000000003
128,6,7,168,171984,0.0,0.0,-0.0,199.99999999999997,120.0,1,0,47.99999999999999,1,0,0.0,0,0,0.0,0,0,7.105427357601002e-15,0,0,17,132.0
129,6,8,203,170474,0.0,0.0,4.999999999999787,194.73684210526335,120.0,1,0,78.00000000000021,1,0,0.0,0,0,0.0,0,0,0.0,0,0,20,101.99999999999977
130,6,9,196,193430,0.0,0.0,8.526512829121202e-14,194.73684210526352,120.0,1,0,75.99999999999991,1,0,0.0,0,0,0.0,0,0,0.0,0,0,20,104.00000000000009
131,6,10,208,194419,0.0,0.0,-0.0,194.73684210526352,120.0,1,0,88.0,1,0,0.0,0,0,0.0,0,0,0.0,0,0,21,92.0
132,6,11,197,179403,0.0,0.0,-0.0,194.73684210526352,120.0,1,0,77.0,1,0,0.0,0,0,0.0,0,0,0.0,0,0,20,103.0
133,6,12,189,189073,0.0,0.0,-0.0,194.73684210526352,120.0,1,0,69.0,1,0,0.0,0,0,0.0,0,0,0.0,0,0,19,111.0
134,6,13,195,162643,0.0,0.0,-0.0,194.73684210526352,120.0,1,0,75.0,1,0,0.0,0,0,0.0,0,0,0.0,0,0,20,105.0
135,6,14,195,186642,0.0,0.0,-0.0,194.73684210526352,120.0,1,0,75.0,1,0,0.0,0,0,0.0,0,0,0.0,0,0,20,105.0
136,6,15,204,182633,0.0,0.0,-0.0,194.73684210526352,120.0,1,0,84.0,1,0,0.0,0,0,0.0,0,0,0.0,0,0,20,96.0
137,6,16,210,170103,0.0,0.0,0.0,194.73684210526352,120.0,1,0,90.0,1,0,0.0,0,0,0.0,0,0,0.0,0,0,21,90.0
138,6,17,216,183368,0.0,0.0,0.0,194.73684210526352,120.0,1,0,96.0,1,0,0.0,0,0,0.0,0,0,0.0,0,0,22,84.0
139,6,18,225,199084,0.0,0.0,5.0,189.47368421052667,120.0,1,0,100.0,1,0,0.0,0,0,0.0,0,0,0.0,0,0,22,80.0
140,6,19,230,186276,0.0,0.0,10.0,178.947368421053,120.0,1,0,100.0,1,0,0.0,0,0,0.0,0,0,0.0,0,0,23,80.0
141,6,20,199,183535,0.0,0.0,-0.0,178.947368421053,120.0,1,0,79.0,1,0,0.0,0,0,0.0,0,0,0.0,0,0,20,101.0
142,6,21,177,179375,0.0,0.0,0.0,178.94736842105303,120.0,1,0,57.00000000000002,1,0,0.0,0,0,0.0,0,0,-2.1316282072803006e-14,0,0,18,123.0
143,6,22,150,164131,0.0,0.0,-0.0,178.94736842105308,115.00000000000004,1,0,35.0,1,0,0.0,0,0,0.0,0,0,-4.263256414560601e-14,0,0,15,150.0
144,6,23,136,154193,0.0,0.0,16.0,162.1052631578952,120.0,1,0,0.0,0,0,0.0,0,0,0.0,0,0,0.0,0,0,14,80.0
145,7,0,130,148662,0.0,0.0,10.0,151.57894736842152,120.0,1,0,0.0,0,0,0.0,0,0,0.0,0,0,0.0,0,0,13,80.0
146,7,1,118,148363,0.0,0.0,0.0,151.5789473684215,117.99999999999996,1,0,0.0,0,0,0.0,0,0,0.0,0,0,4.263256414560601e-14,0,0,12,82.0
147,7,2,107,148535,0.0,0.0,0.0,151.5789473684215,106.99999999999999,1,0,0.0,0,0,0.0,0,0,0.0,0,0,1.4210854715202004e-14,0,0,11,93.0
148,7,3,97,131413,0.0,22.268698060941148,0.0,172.7342105263156,119.26869806094115,1,0,0.0,0,0,0.0,0,0,0.0,0,0,0.0,0,0,10,80.73130193905885
149,7,4,104,152998,0.0,0.0,0.0,172.73421052631574,104.00000000000016,1,0,0.0,0,0,0.0,0,0,0.0,0,0,-1.5631940186722204e-13,0,0,10,96.0
150,7,5,119,143023,0.0,1.0,0.0,173.68421052631572,120.0,1,0,0.0,0,0,0.0,0,0,0.0,0,0,0.0,0,0,12,80.0
151,7,6,143,154604,0.0,0.0,23.0,149.47368421052624,120.0,1,0,0.0,0,0,0.0,0,0,0.0,0,0,0.0,0,0,14,80.0
152,7,7,168,173827,0.0,0.0,13.0,135.78947368421046,120.0,1,0,35.0,1,1,0.0,0,0,0.0,0,0,0.0,0,0,17,145.0
153,7,8,199,172816,0.0,0.0,14.0,121.05263157894731,120.0,1,0,65.0,1,0,0.0,0,0,0.0,0,0,0.0,0,0,20,115.0
154,7,9,212,180126,0.0,0.0,-0.0,121.05263157894731,120.0,1,0,92.0,1,0,0.0,0,0,0.0,0,0,0.0,0,0,21,88.0
155,7,10,202,176743,0.0,0.0,-0.0,121.05263157894731,120.0,1,0,82.0,1,0,0.0,0,0,0.0,0,0,0.0,0,0,20,98.0
156,7,11,201,177236,0.0,0.0,-0.0,121.05263157894731,120.0,1,0,81.0,1,0,0.0,0,0,0.0,0,0,0.0,0,0,20,99.0
157,7,12,199,169916,0.0,0.0,-0.0,121.05263157894731,120.0,1,0,79.0,1,0,0.0,0,0,0.0,0,0,0.0,0,0,20,101.0
158,7,13,187,171359,0.0,0.0,0.0,121.05263157894731,120.0,1,0,67.0,1,0,0.0,0,0,0.0,0,0,0.0,0,0,19,113.0
159,7,14,200,184605,0.0,0.0,-0.0,121.05263157894731,120.0,1,0,80.0,1,0,0.0,0,0,0.0,0,0,0.0,0,0,20,100.0
160,7,15,198,177740,0.0,0.0,-0.0,121.05263157894731,120.0,1,0,78.0,1,0,0.0,0,0,0.0,0,0,0.0,0,0,20,102.0
161,7,16,210,173754,0.0,0.0,0.0,121.05263157894731,120.0,1,0,90.0,1,0,0.0,0,0,0.0,0,0,0.0,0,0,21,90.0
162,7,17,218,190415,0.0,0.0,-0.0,121.05263157894736,120.0,1,0,98.0,1,0,0.0,0,0,0.0,0,0,0.0,0,0,22,82.0
163,7,18,222,191669,0.0,0.0,2.0,118.94736842105262,120.0,1,0,100.0,1,0,0.0,0,0,0.0,0,0,0.0,0,0,22,80.0
164,7,19,222,187726,0.0,0.0,2.0,116.84210526315788,120.0,1,0,100.0,1,0,0.0,0,0,0.0,0,0,0.0,0,0,22,80.0
165,7,20,206,179194,0.0,-0.0,-0.0,116.8421052631579,120.0,1,0,85.99999999999999,1,0,0.0,0,0,0.0,0,0,1.4210854715202004e-14,0,0,21,94.0
166,7,21,183,175873,0.0,0.0,-0.0,116.8421052631579,120.0,1,0,63.00000000000001,1,0,0.0,0,0,0.0,0,0,-7.105427357601002e-15,0,0,18,117.0
167,7,22,159,159969,0.0,0.0,4.0,112.63157894736842,120.0,1,0,35.0,1,0,0.0,0,0,0.0,0,0,0.0,0,0,16,145.0
168,7,23,132,161268,0.0,0.0,12.0,100.0,120.0,1,0,0.0,0,0,0.0,0,0,0.0,0,0,0.0,0,0,13,80.0
