c_shed,recorte_total_MWh,horas_con_recorte,costo_total_CLP,costo_operativo_puro_CLP,costo_penalizacion_recorte_CLP,importacion_red_MWh
0,1678.85,69,1588816657.2,1588816657.2,0.0,2.4
20000,1678.85,66,1622323657.2,1588746657.2,33577000.0,2.4
40000,1678.85,67,1655900657.2,1588746657.2,67154000.0,2.4
45000,1678.85,67,1664294907.2,1588746657.2,75548250.0,2.4
50000,1678.85,67,1672689157.2,1588746657.2,83942500.0,2.4
60000,1678.85,70,1689547657.2,1588816657.2,100731000.00000001,2.4
70000,1678.85,70,1706336157.2,1588816657.2,117519500.00000001,2.4
80000,1678.85,67,1723054657.2,1588746657.2,134308000.0,2.4
85000,1678.85,69,1731518907.2,1588816657.2,142702250.0,2.4
90000,577.0,36,1738535000.0,1686605000.0,51930000.0,0.0
100000,124.0,16,1740724000.0,1728324000.0,12400000.0,0.0
110000,66.0,11,1741743000.0,1734483000.0,7260000.000000002,0.0
120000,66.0,11,1742403000.0,1734483000.0,7920000.0,0.0
130000,50.0,10,1743023000.0,1736523000.0,6500000.0,0.0
140000,50.0,10,1743523000.0,1736523000.0,7000000.0,0.0
150000,30.0,7,1743959000.0,1739459000.0,4499999.999999986,0.0
160000,30.0,7,1744259000.0,1739459000.0,4800000.0,0.0
170000,19.0,5,1744486175.0,1741256175.0,3230000.0,5.0
180000,13.0,4,1744636175.0,1742296175.0,2340000.0,5.0
185000,13.0,4,1744701175.0,1742296175.0,2405000.0,5.0
190000,10.0,3,1744766037.0,1742866037.0,1900000.0,8.0
195000,0.0,0,1744790952.0,1744790952.0,0.0,18.0
200000,0.0,0,1744790952.0,1744790952.0,0.0,18.0
220000,0.0,0,1744790952.0,1744790952.0,0.0,18.0
