F_CLP,dias_sobre_umbral,costo_total_CLP,costo_operativo_CLP,costo_penalidad_CLP,importacion_red_MWh,emisiones_dias,emisiones_totales_semana_tCO2
0,7,1809604460.0,1809604460.0,0,14.0,"[2061.13, 2048.03, 2015.13, 2044.28, 2023.3, 1520.29, 1530.29]",13242.45
500000,7,1813104460.0,1809604460.0,3500000,14.0,"[2061.13, 2048.03, 2015.13, 2044.28, 2023.3, 1520.29, 1530.29]",13242.45
1000000,7,1816604459.9999995,1809604459.9999995,7000000,14.0,"[2061.13, 2048.03, 2015.13, 2044.28, 2023.3, 1520.29, 1530.29]",13242.45
2000000,7,1823604459.9999409,1809604459.9999409,14000000,14.0,"[2061.13, 2048.03, 2015.13, 2044.28, 2023.3, 1520.29, 1530.29]",13242.45
2500000,6,1826940452.2857134,1811940452.2857134,15000000,51.43,"[2061.13, 2048.03, 2015.13, 2044.28, 2023.3, 1520.29, 1500.0]",13212.16
3000000,5,1829686588.7142856,1814686588.7142856,15000000,87.11,"[2061.13, 2048.03, 2015.13, 2044.28, 2023.3, 1500.0, 1500.0]",13191.87
5000000,5,1839686588.714285,1814686588.714285,25000000,87.11,"[2061.13, 2048.03, 2015.13, 2044.28, 2023.3, 1500.0, 1500.0]",13191.87
10000000,5,1864686588.7142844,1814686588.7142844,50000000,87.11,"[2061.13, 2048.03, 2015.13, 2044.28, 2023.3, 1500.0, 1500.0]",13191.87
25000000,5,1939686588.7142844,1814686588.7142844,125000000,87.11,"[2061.13, 2048.03, 2015.13, 2044.28, 2023.3, 1500.0, 1500.0]",13191.87
50000000,5,2064686588.7142856,1814686588.7142856,250000000,87.11,"[2061.13, 2048.03, 2015.13, 2044.28, 2023.3, 1500.0, 1500.0]",13191.87
75000000,5,2189751559.7142873,1814751559.7142873,375000000,87.11,"[2061.13, 2048.03, 2015.13, 2044.28, 2023.3, 1500.0, 1500.0]",13191.87
100000000,5,2314751559.714286,1814751559.7142856,500000000,87.11,"[2061.13, 2048.03, 2015.13, 2044.28, 2023.3, 1500.0, 1500.0]",13191.87
120000000,0,2352042913.285714,2352042913.285714,0,5490.54,"[1500.0, 1500.0, 1500.0, 1500.0, 1500.0, 1500.0, 1500.0]",10500.0
150000000,0,2352177571.0,2352177571.0,0,5484.54,"[1500.0, 1500.0, 1500.0, 1500.0, 1500.0, 1500.0, 1500.0]",10500.0
200000000,0,2352112600.0,2352112600.0,0,5484.54,"[1500.0, 1500.0, 1500.0, 1500.0, 1500.0, 1500.0, 1500.0]",10500.0
